Date,Max TemperatureF,Mean TemperatureF,Min TemperatureF,Max Dew PointF,MeanDew PointF,Min DewpointF,Max Humidity,Mean Humidity,Min Humidity,Max Sea Level PressureIn,Mean Sea Level PressureIn,Min Sea Level PressureIn,Max VisibilityMiles,Mean VisibilityMiles,Min VisibilityMiles,Max Wind SpeedMPH,Mean Wind SpeedMPH,Max Gust SpeedMPH,PrecipitationIn, CloudCover,Events,WindDirDegrees
2013-1-1,32,28,21,30,27,16,100,89,77,30.10,30.01,29.94,10,6,2,10,8,,0.00,8,Snow,277
2013-1-2,25,21,17,14,12,10,77,67,55,30.27,30.18,30.08,10,10,10,14,5,,0.00,4,,272
2013-1-3,32,24,16,19,15,9,77,67,56,30.25,30.21,30.16,10,10,10,17,8,26,0.00,3,,229
2013-1-4,30,28,27,21,19,17,75,68,59,30.28,30.21,30.12,10,10,6,23,16,32,0.00,4,,250
2013-1-5,34,30,25,23,20,16,75,68,61,30.42,30.30,30.17,10,10,10,16,10,23,0.21,5,,221
2013-1-6,37,34,32,31,28,23,87,75,65,30.22,30.09,30.00,10,10,8,14,9,22,0.26,8,Snow,232
2013-1-7,33,29,25,27,24,21,86,78,65,30.48,30.37,30.18,10,7,4,10,8,,0.06,5,,236
2013-1-8,43,31,19,29,24,19,100,75,51,30.39,30.33,30.24,10,8,2,12,7,,0.00,0,,178
2013-1-9,45,36,28,39,32,25,89,76,65,30.50,30.31,30.21,10,10,5,18,11,25,0.03,3,Rain,211
2013-1-10,41,34,30,29,27,25,85,69,53,30.63,30.51,30.31,10,10,8,10,6,,0.00,0,,72
2013-1-11,53,47,41,52,44,26,100,86,51,30.29,30.05,29.96,10,7,0,9,7,,0.15,6,Fog-Rain,160
2013-1-12,62,55,48,56,52,48,100,94,72,30.09,30.03,29.96,10,5,0,10,7,18,0.02,6,Fog-Rain,181
2013-1-13,68,62,55,56,53,51,100,77,61,29.95,29.90,29.86,10,9,4,21,9,26,0.16,4,Rain,190
2013-1-14,57,44,30,55,34,23,94,79,60,30.39,30.18,29.90,10,10,3,22,9,32,0.03,5,Rain,317
2013-1-15,33,30,26,30,24,21,96,79,69,30.41,30.24,30.04,10,8,1,9,5,,0.00,4,Rain-Snow,360
2013-1-16,34,32,30,32,31,28,100,94,85,30.06,29.96,29.87,10,3,0,14,3,21,0.20,7,Fog-Rain,270
2013-1-17,33,32,30,28,27,26,93,82,75,30.20,30.12,30.03,10,8,2,15,9,20,0.04,5,Snow,251
2013-1-18,30,24,19,22,14,5,86,62,47,30.52,30.37,30.20,10,8,0,21,12,29,0.03,3,Fog-Snow,284
2013-1-19,52,42,32,21,16,11,48,34,24,30.26,30.07,29.82,10,10,10,24,15,39,0.05,1,,204
2013-1-20,46,35,24,29,17,10,60,50,40,30.15,29.99,29.79,10,10,10,23,16,34,0.00,2,,277
2013-1-21,25,18,12,19,12,-1,93,69,52,30.12,29.99,29.88,10,7,0,21,9,32,0.00,7,Fog-Snow,267
2013-1-22,12,9,6,3,-2,-6,70,60,48,30.32,30.22,30.01,10,10,6,17,13,26,0.00,4,,274
2013-1-23,16,11,6,10,1,-3,80,62,45,30.34,30.25,30.10,10,10,7,13,8,20,0.00,4,,247
2013-1-24,21,16,12,11,6,-5,88,67,33,30.57,30.35,30.01,10,8,2,14,5,21,0.00,5,Snow,324
2013-1-25,19,16,12,16,10,3,86,76,58,30.52,30.17,29.98,10,5,0,9,4,,0.00,7,Fog-Snow,124
2013-1-26,27,23,19,21,18,13,93,79,63,30.47,30.22,30.06,10,5,1,10,7,16,0.00,8,Snow,275
2013-1-27,30,23,16,19,15,13,93,70,51,30.57,30.48,30.34,10,8,2,6,2,,0.21,1,,109
2013-1-28,50,40,30,49,38,19,100,91,61,30.32,30.12,29.99,10,4,1,18,9,26,0.50,8,Rain-Snow,195
2013-1-29,68,59,50,54,51,49,100,66,54,30.06,29.98,29.79,10,5,0,15,8,22,0.02,5,Fog,193
2013-1-30,66,58,48,56,52,43,100,84,60,29.76,29.45,29.24,10,8,1,30,14,50,0.99,6,Rain,186
2013-1-31,42,32,21,38,22,11,96,80,57,29.88,29.62,29.25,10,5,0,32,21,48,0.02,8,Fog-Rain-Snow,259
2013-2-1,21,16,9,19,8,0,93,72,59,30.38,30.06,29.78,10,7,1,21,10,30,0.00,7,Snow,277
2013-2-2,23,14,6,21,14,1,100,86,70,30.35,30.07,29.94,10,4,1,16,9,22,0.00,7,Snow,196
2013-2-3,25,21,17,21,18,10,96,83,71,30.06,29.88,29.78,9,4,1,17,7,26,0.00,8,Snow,272
2013-2-4,26,21,16,25,19,9,100,86,68,30.11,29.93,29.82,10,4,0,17,8,22,0.00,8,Fog-Snow,197
2013-2-5,30,28,26,29,26,22,100,93,75,29.97,29.88,29.81,10,4,1,12,4,,0.00,8,Snow,241
2013-2-6,30,26,21,27,22,16,100,79,59,30.35,30.16,29.91,10,7,2,10,7,17,0.14,6,Snow,276
2013-2-7,39,30,21,28,22,16,85,72,57,30.33,30.20,29.99,10,9,7,13,6,,0.09,2,,102
2013-2-8,37,30,24,36,28,19,100,86,75,30.16,29.91,29.78,10,5,2,20,12,31,0.14,7,Rain-Snow,261
2013-2-9,33,27,21,19,16,14,86,69,48,30.42,30.35,30.19,10,9,2,16,10,29,0.00,4,Snow,313
2013-2-10,48,34,19,26,18,14,81,55,31,30.38,30.20,29.98,10,10,10,15,5,23,0.00,4,Rain,129
2013-2-11,60,48,37,45,35,23,100,74,32,29.95,29.83,29.67,10,8,2,29,13,41,0.06,5,Rain,202
2013-2-12,41,36,30,25,24,23,76,62,51,30.09,30.00,29.94,10,10,10,21,12,31,0.00,5,,268
2013-2-13,37,32,26,32,28,22,100,87,62,29.93,29.78,29.66,10,5,0,9,5,,0.01,6,Fog-Snow,291
2013-2-14,41,34,27,34,29,24,93,83,65,29.98,29.93,29.87,10,7,3,15,10,26,0.13,7,Rain,194
2013-2-15,37,32,27,34,28,24,100,81,65,30.07,30.01,29.88,10,8,1,14,9,20,0.00,7,Snow,265
2013-2-16,28,24,21,23,17,10,93,74,51,30.07,30.00,29.87,10,7,2,13,5,17,0.05,7,Snow,311
2013-2-17,21,18,15,19,12,3,93,77,53,30.28,30.01,29.87,10,4,0,18,10,29,0.00,8,Fog-Snow,304
2013-2-18,42,26,10,28,14,3,73,57,41,30.33,30.18,29.91,10,10,10,13,8,22,0.03,0,,172
2013-2-19,45,34,24,37,27,13,89,74,44,29.96,29.80,29.67,10,8,2,24,16,40,0.13,8,Rain-Snow,234
2013-2-20,23,20,17,16,12,7,86,75,57,30.25,30.07,29.90,10,5,1,24,14,37,0.00,8,Snow,273
2013-2-21,25,21,17,16,14,11,86,74,59,30.39,30.27,30.15,10,7,1,13,7,18,0.00,6,Snow,311
2013-2-22,37,28,19,34,27,13,100,86,56,30.30,30.07,29.96,10,7,2,14,8,21,0.04,7,Rain,97
2013-2-23,43,38,32,36,31,27,93,83,70,30.01,29.92,29.84,10,8,3,7,2,,0.00,6,,345
2013-2-24,30,28,27,25,22,18,86,74,61,30.17,30.02,29.88,10,8,3,14,7,20,0.00,7,Snow,281
2013-2-25,42,34,26,23,21,20,81,65,43,30.25,30.16,30.09,10,10,7,7,3,,0.00,3,,32
2013-2-26,39,34,30,36,29,19,100,80,50,30.09,29.79,29.59,10,8,2,18,9,24,0.75,6,Rain,100
2013-2-27,42,38,33,37,35,30,100,90,73,29.69,29.62,29.53,10,9,5,21,10,29,0.25,8,Rain,218
2013-2-28,34,32,30,31,30,27,100,89,80,29.82,29.68,29.60,10,6,1,13,10,20,0.06,8,Snow,251
2013-3-1,30,28,25,29,25,19,93,84,74,29.99,29.89,29.79,10,8,2,14,9,23,0.01,8,Snow,326
2013-3-2,28,26,23,22,20,17,91,80,64,29.98,29.92,29.87,10,5,1,14,6,20,0.03,8,Snow,321
2013-3-3,26,24,21,22,19,15,93,79,66,30.03,29.95,29.88,10,6,2,13,8,21,0.00,8,Snow,302
2013-3-4,36,28,19,19,17,14,93,71,44,30.14,30.06,29.96,10,8,2,14,7,22,0.02,5,Snow,295
2013-3-5,45,32,19,26,15,12,81,52,27,30.11,29.93,29.70,10,10,9,15,4,29,0.00,2,,69
2013-3-6,39,34,30,32,29,24,100,85,59,30.12,29.87,29.65,10,4,0,14,9,28,0.34,8,Fog-Snow,40
2013-3-7,39,36,32,31,28,25,92,79,62,30.30,30.21,30.11,10,9,2,13,8,21,0.00,8,Snow,325
2013-3-8,36,32,28,26,25,24,86,77,67,30.43,30.37,30.25,10,10,10,15,11,24,0.00,6,,320
2013-3-9,52,40,27,27,24,20,85,58,34,30.43,30.33,30.20,10,10,9,8,3,,0.01,0,,95
2013-3-10,68,55,42,30,26,21,46,34,21,30.18,30.09,29.99,10,10,10,14,8,22,0.00,2,,151
2013-3-11,63,55,46,48,34,28,93,48,29,29.99,29.85,29.72,10,9,3,18,9,31,0.10,3,Rain,147
2013-3-12,45,40,35,43,33,26,100,79,65,30.01,29.88,29.77,10,10,2,17,11,25,0.10,8,Rain,263
2013-3-13,37,32,26,29,25,17,93,80,59,30.15,29.98,29.89,10,5,0,23,11,38,0.01,7,Fog-Snow,262
2013-3-14,37,30,23,19,17,15,75,60,41,30.24,30.18,30.14,10,10,10,20,13,28,0.00,5,,282
2013-3-15,48,38,28,36,25,18,86,60,48,30.14,29.96,29.83,10,10,6,21,9,26,0.01,5,Rain,243
2013-3-16,39,36,32,38,34,30,100,96,89,29.98,29.77,29.62,10,3,1,12,4,,0.05,8,Rain,11
2013-3-17,37,32,28,28,22,19,89,71,56,30.22,30.13,29.98,10,10,8,9,5,,0.00,6,,351
2013-3-18,39,34,30,35,30,21,100,87,66,30.17,29.90,29.69,10,7,2,18,12,28,0.33,8,Rain-Snow,127
2013-3-19,44,36,28,43,29,15,100,74,41,29.98,29.80,29.67,10,8,2,29,12,41,0.03,6,Rain,255
2013-3-20,39,32,25,19,16,14,69,54,39,29.99,29.92,29.83,10,10,10,21,13,33,0.00,4,,274
2013-3-21,28,22,18,19,13,5,86,69,43,29.93,29.87,29.81,10,8,1,16,9,24,0.00,7,Snow,290
2013-3-22,33,28,24,19,18,16,78,67,54,30.05,29.96,29.86,10,10,7,16,12,24,0.00,6,Snow,276
2013-3-23,46,34,23,22,19,17,78,59,37,30.06,30.02,29.97,10,10,10,12,5,17,0.00,0,,310
2013-3-24,43,34,26,30,23,19,93,69,41,30.00,29.77,29.53,10,8,1,15,7,23,0.00,3,Snow,73
2013-3-25,35,32,30,34,31,28,100,97,87,29.75,29.51,29.42,4,2,0,15,10,22,0.62,8,Fog-Snow,177
2013-3-26,39,34,30,32,30,28,100,86,65,30.09,29.92,29.71,10,6,0,14,8,23,0.08,8,Fog-Snow,313
2013-3-27,41,34,30,31,29,23,100,85,51,30.18,30.09,30.03,10,6,1,14,9,25,0.06,8,Snow,283
2013-3-28,42,37,33,29,28,26,85,69,57,30.28,30.20,30.10,10,9,2,15,10,21,0.01,8,Snow,300
2013-3-29,52,43,36,30,25,18,73,53,29,30.28,30.24,30.17,10,10,10,10,5,21,0.00,7,,291
2013-3-30,54,43,33,26,20,17,66,41,26,30.27,30.18,30.04,10,10,10,8,3,,0.00,0,,162
2013-3-31,48,44,42,45,38,18,93,78,35,30.02,29.80,29.72,10,9,4,13,7,,0.10,6,Rain,196
2013-4-1,45,38,32,43,27,10,93,67,28,30.04,29.87,29.70,10,8,0,23,12,34,0.02,6,Fog-Snow,296
2013-4-2,39,30,24,21,14,10,86,54,33,30.21,30.13,30.05,10,9,1,17,7,28,0.00,4,Snow,301
2013-4-3,39,32,26,20,12,7,66,45,30,30.44,30.33,30.20,10,10,10,17,8,28,0.00,1,,308
2013-4-4,53,36,21,16,11,4,74,38,14,30.41,30.21,29.99,10,10,9,10,5,,0.00,0,,141
2013-4-5,55,46,35,26,21,17,57,41,28,30.19,30.01,29.94,10,10,10,18,9,26,0.00,1,,303
2013-4-6,59,42,28,21,14,6,64,37,13,30.31,30.20,30.04,10,10,10,9,5,,0.00,1,,136
2013-4-7,73,62,53,46,35,19,60,37,26,30.02,29.94,29.88,10,10,10,21,13,34,0.00,3,,206
2013-4-8,75,62,51,47,43,40,66,49,33,30.05,29.98,29.90,10,10,10,18,7,28,0.00,4,,202
2013-4-9,81,70,61,54,50,46,70,51,36,30.10,30.00,29.91,10,10,10,15,9,22,0.00,2,,233
2013-4-10,81,70,59,61,56,50,94,63,43,29.96,29.89,29.80,10,8,2,29,11,39,0.42,5,Rain-Thunderstorm,240
2013-4-11,75,66,57,58,56,51,100,78,50,29.88,29.79,29.60,10,8,1,10,7,,0.01,2,,177
2013-4-12,66,55,45,59,50,32,96,75,52,29.86,29.62,29.51,10,9,3,18,11,30,0.44,7,Rain,224
2013-4-13,55,47,39,34,31,28,73,58,42,30.04,29.93,29.85,10,10,10,21,10,26,0.00,5,,269
2013-4-14,62,48,36,34,30,26,70,49,31,30.17,30.09,30.03,10,10,10,9,6,16,0.00,1,,179
2013-4-15,66,60,55,48,43,34,65,51,42,30.11,30.07,29.98,10,10,10,18,11,24,0.00,5,,152
2013-4-16,80,66,54,59,55,47,100,80,46,30.21,30.13,30.05,10,5,0,34,10,53,1.23,6,Fog-Rain-Thunderstorm,212
2013-4-17,66,58,51,57,53,46,100,88,61,30.26,30.18,30.12,10,5,0,8,2,,0.00,6,Fog,352
2013-4-18,84,72,61,58,55,52,81,57,37,30.12,29.93,29.78,10,10,7,21,13,32,0.00,1,,167
2013-4-19,71,58,44,61,47,28,88,66,49,29.87,29.67,29.51,10,9,4,29,17,41,0.15,5,Rain,219
2013-4-20,46,42,35,30,25,21,70,54,37,30.42,30.11,29.88,10,10,10,21,14,33,0.01,6,Rain-Snow,275
2013-4-21,53,41,30,24,20,16,67,44,24,30.61,30.52,30.44,10,10,10,9,5,,0.00,0,,62
2013-4-22,62,52,42,29,24,19,51,37,21,30.48,30.39,30.30,10,10,10,14,9,20,0.00,0,,125
2013-4-23,70,54,39,37,33,29,73,44,25,30.29,30.15,29.97,10,10,10,10,7,,0.00,0,,138
2013-4-24,71,54,39,55,44,33,88,68,47,30.17,29.90,29.77,10,9,2,25,12,43,0.26,7,Rain-Thunderstorm,233
2013-4-25,57,46,36,38,31,27,86,61,33,30.38,30.27,30.18,10,10,10,20,8,23,0.01,4,Rain,240
2013-4-26,61,50,41,36,30,23,79,50,26,30.49,30.43,30.37,10,10,8,5,3,,0.00,1,,311
2013-4-27,73,58,44,38,31,25,60,37,21,30.40,30.30,30.17,10,10,10,10,4,17,0.00,0,,101
2013-4-28,60,57,54,52,46,38,90,71,44,30.16,30.05,29.96,10,9,4,14,9,22,0.18,5,Rain,134
2013-4-29,64,58,52,57,53,47,94,83,74,30.04,29.99,29.95,10,8,2,10,7,,0.13,8,Rain,156
2013-4-30,72,63,54,55,51,48,93,71,49,30.21,30.12,30.03,10,10,2,14,7,20,0.00,3,,121
2013-5-1,75,64,54,50,45,31,80,53,28,30.32,30.28,30.20,10,10,10,14,9,21,0.00,0,,121
2013-5-2,77,64,52,40,33,25,55,34,15,30.37,30.29,30.22,10,10,10,15,7,22,0.00,0,,111
2013-5-3,73,62,51,41,37,31,54,39,25,30.26,30.22,30.18,10,10,10,18,10,28,0.00,0,,125
2013-5-4,71,58,46,41,37,33,64,45,30,30.22,30.17,30.10,10,10,10,17,10,25,0.00,0,,116
2013-5-5,73,62,50,40,31,19,66,37,14,30.16,30.10,30.03,10,10,10,16,9,24,0.00,0,,111
2013-5-6,69,58,48,52,46,35,75,62,49,30.10,30.06,30.02,10,10,10,16,8,26,0.00,4,,104
2013-5-7,68,62,57,57,53,52,87,76,59,30.03,30.00,29.96,10,10,8,15,7,21,0.11,7,Rain,73
2013-5-8,73,64,54,56,49,44,97,65,35,30.00,29.95,29.90,10,10,6,9,5,,0.21,4,Rain,75
2013-5-9,78,66,55,55,51,43,90,63,31,30.00,29.96,29.91,10,10,10,9,5,17,0.00,4,,278
2013-5-10,75,65,57,61,57,50,94,81,59,30.01,29.91,29.81,10,8,1,26,9,38,0.25,6,Rain-Thunderstorm,188
2013-5-11,61,56,52,59,54,46,96,88,77,29.86,29.81,29.78,10,8,1,13,9,16,0.25,8,Rain,261
2013-5-12,53,46,39,48,31,24,88,56,35,30.06,29.94,29.83,10,10,10,24,13,32,0.00,6,Rain,283
2013-5-13,53,44,36,28,24,21,70,47,30,30.20,30.13,30.07,10,10,10,16,8,25,0.00,2,,296
2013-5-14,62,46,32,38,33,21,92,57,39,30.21,30.10,29.91,10,10,7,12,4,,0.00,3,,149
2013-5-15,86,70,54,59,53,39,70,54,38,29.89,29.80,29.73,10,10,10,23,11,30,0.00,3,Rain,217
2013-5-16,78,70,62,63,56,46,93,64,34,29.99,29.88,29.78,10,9,4,13,8,18,0.21,3,Rain,250
2013-5-17,81,70,59,61,56,44,96,74,35,30.12,30.07,30.00,10,6,1,8,5,,0.00,4,,255
2013-5-18,82,68,57,61,53,41,75,57,42,30.14,30.09,30.04,10,10,10,14,5,22,0.00,1,,89
2013-5-19,77,67,59,63,60,57,93,74,61,30.12,30.06,30.00,10,10,5,12,7,,0.02,5,Rain,126
2013-5-20,84,72,62,66,63,60,94,73,53,30.05,30.01,29.93,10,10,9,12,6,,0.00,3,,173
2013-5-21,86,76,66,68,65,62,93,70,46,29.97,29.91,29.84,10,9,2,16,9,21,0.08,2,Rain,194
2013-5-22,86,75,64,67,62,59,87,72,46,29.90,29.84,29.80,10,10,2,15,10,44,0.06,3,Rain-Thunderstorm,185
2013-5-23,77,63,50,63,59,48,100,88,56,29.89,29.83,29.79,10,7,2,17,10,36,0.63,7,Rain,237
2013-5-24,48,45,41,45,37,28,93,75,54,30.30,30.13,29.92,10,10,4,17,14,26,0.02,8,Rain,324
2013-5-25,63,48,35,36,32,29,86,57,31,30.33,30.29,30.24,10,10,10,17,8,25,0.00,1,,315
2013-5-26,66,52,39,37,33,30,70,46,28,30.31,30.27,30.23,10,10,10,10,7,22,0.00,0,,322
2013-5-27,62,53,45,47,41,30,80,58,41,30.29,30.23,30.12,10,10,10,8,3,,0.00,2,,144
2013-5-28,80,68,55,64,58,47,93,74,52,30.10,30.06,30.01,10,10,5,17,7,25,0.16,5,Rain,176
2013-5-29,84,75,66,61,59,57,76,57,41,30.10,30.07,30.02,10,10,9,17,10,25,0.00,1,,203
2013-5-30,87,75,63,64,61,58,90,58,38,30.20,30.14,30.10,10,10,4,12,6,16,0.00,1,,196
2013-5-31,88,77,68,65,62,59,87,60,41,30.13,30.07,30.00,10,10,8,12,7,24,0.00,1,,196
2013-6-1,88,77,68,64,63,60,84,62,46,30.03,29.94,29.82,10,10,10,17,8,26,0.00,3,,194
2013-6-2,81,74,69,67,61,56,93,67,45,29.88,29.84,29.80,10,10,10,18,11,26,0.08,4,Rain,226
2013-6-3,68,63,54,57,52,38,83,67,51,30.08,29.96,29.87,10,10,10,12,7,17,0.00,7,,334
2013-6-4,73,60,48,46,42,39,74,52,35,30.18,30.13,30.08,10,10,10,9,4,,0.00,0,,346
2013-6-5,82,68,55,59,52,44,69,56,47,30.15,30.05,29.94,10,10,10,12,5,21,0.00,1,,101
2013-6-6,71,66,62,65,62,58,100,91,63,29.94,29.84,29.79,10,5,0,13,8,17,1.13,8,Fog-Rain,148
2013-6-7,66,63,59,63,60,53,100,93,77,29.87,29.80,29.76,10,4,0,10,3,25,0.01,8,Fog,329
2013-6-8,72,64,57,55,53,52,87,71,55,30.12,30.00,29.88,10,10,6,9,3,,0.00,6,,295
2013-6-9,82,71,60,63,59,55,86,66,44,30.18,30.10,30.03,10,9,6,8,4,20,0.00,3,,113
2013-6-10,75,70,64,70,66,63,100,86,76,30.03,29.86,29.80,10,8,1,12,6,,0.70,7,Rain,177
2013-6-11,78,70,64,66,63,61,94,82,60,29.90,29.85,29.80,10,8,2,14,9,21,0.00,6,Rain,250
2013-6-12,82,75,68,70,65,62,84,72,54,29.92,29.86,29.76,10,10,8,12,6,,0.00,2,Rain,230
2013-6-13,73,68,61,72,63,54,96,84,73,29.79,29.67,29.55,10,8,1,21,12,31,0.88,7,Rain-Thunderstorm,272
2013-6-14,73,65,57,57,55,52,90,75,48,30.07,29.95,29.81,10,10,7,12,6,16,0.00,4,,318
2013-6-15,77,66,55,55,51,46,90,59,33,30.14,30.08,30.02,10,10,10,10,5,16,0.00,1,,261
2013-6-16,73,68,62,66,62,54,93,81,63,30.02,29.95,29.92,10,8,2,15,8,24,0.28,7,Rain,220
2013-6-17,82,74,66,66,62,54,94,71,39,29.99,29.95,29.91,10,9,6,10,6,,0.00,3,,254
2013-6-18,77,70,64,66,62,59,94,80,67,29.96,29.90,29.86,10,9,0,14,4,16,0.29,3,Fog-Rain,314
2013-6-19,75,66,57,58,50,45,90,59,37,30.16,30.08,29.97,10,10,10,9,6,,0.00,0,,4
2013-6-20,81,68,55,55,51,46,86,53,31,30.24,30.20,30.16,10,10,9,6,1,,0.00,0,,304
2013-6-21,84,72,60,60,56,54,93,58,37,30.27,30.23,30.17,10,9,4,6,2,,0.00,0,,180
2013-6-22,86,75,64,67,64,58,90,66,51,30.22,30.16,30.09,10,9,5,12,6,17,0.00,1,,191
2013-6-23,88,78,69,69,66,62,90,65,46,30.17,30.12,30.07,10,10,6,12,7,20,0.00,1,,202
2013-6-24,89,78,69,67,64,62,87,61,43,30.15,30.09,30.02,10,10,10,10,6,,0.00,1,,224
2013-6-25,89,77,66,67,65,57,94,70,48,30.06,29.99,29.91,10,9,1,17,9,39,0.02,2,Rain-Thunderstorm,220
2013-6-26,82,74,66,68,66,64,100,88,58,30.00,29.93,29.83,10,5,0,14,8,22,1.59,7,Fog-Rain-Thunderstorm,188
2013-6-27,75,72,69,70,68,63,96,88,74,29.82,29.73,29.66,10,7,1,16,6,21,0.57,6,Rain,220
2013-6-28,78,70,64,67,65,62,94,84,66,29.66,29.59,29.52,10,9,6,15,6,30,0.06,5,Rain,209
2013-6-29,79,70,60,64,61,59,96,77,56,29.70,29.62,29.56,10,10,7,14,6,23,0.01,2,,204
2013-6-30,82,72,62,66,64,61,100,84,53,29.86,29.78,29.70,10,6,0,20,4,30,0.35,2,Rain-Thunderstorm,138
2013-7-1,79,72,66,67,65,64,100,83,64,29.97,29.90,29.82,10,7,1,8,3,,0.18,6,Rain,29
2013-7-2,84,74,66,68,67,65,100,83,58,30.07,30.01,29.95,10,7,0,12,3,16,0.14,4,Fog-Rain,163
2013-7-3,86,78,71,68,66,64,82,70,53,30.19,30.14,30.07,10,10,10,15,7,22,0.00,2,,174
2013-7-4,86,77,70,70,67,65,93,75,53,30.24,30.18,30.14,10,9,2,17,5,23,0.25,4,Rain,176
2013-7-5,86,76,69,70,68,66,96,81,56,30.19,30.16,30.12,10,6,0,15,6,22,0.02,2,Fog-Rain,191
2013-7-6,89,78,70,70,69,66,93,72,51,30.19,30.13,30.04,10,10,3,15,6,,0.06,2,Rain,204
2013-7-7,77,72,70,70,67,65,94,82,71,30.13,30.10,30.03,10,10,5,13,8,,0.10,5,Rain,218
2013-7-8,82,74,66,68,65,61,94,74,54,30.14,30.10,30.06,10,10,6,12,7,17,0.04,4,,230
2013-7-9,82,75,68,73,68,64,100,89,74,30.14,30.08,29.99,10,5,1,13,8,26,1.38,7,Rain,198
2013-7-10,86,76,66,76,69,64,100,92,69,30.04,29.97,29.84,10,6,0,25,8,55,2.19,6,Fog-Rain-Thunderstorm,200
2013-7-11,77,70,64,65,61,55,100,79,54,30.01,29.97,29.91,10,9,6,8,4,,0.00,6,,328
2013-7-12,75,67,59,64,60,55,90,77,64,30.12,30.06,30.01,10,10,9,8,5,,0.03,4,Rain,7
2013-7-13,82,73,64,67,64,60,90,72,58,30.25,30.18,30.11,10,10,10,9,4,,0.00,4,,73
2013-7-14,88,80,71,68,66,65,87,63,48,30.31,30.27,30.23,10,10,10,13,7,,0.00,1,,160
2013-7-15,90,80,71,75,68,66,90,64,49,30.35,30.30,30.26,10,10,7,8,5,,0.00,1,,209
2013-7-16,91,80,71,75,71,68,100,82,54,30.34,30.30,30.27,10,7,1,17,3,30,0.83,3,Rain-Thunderstorm,250
2013-7-17,88,78,69,75,72,70,100,92,65,30.33,30.27,30.19,10,3,0,9,2,,0.01,3,Fog-Rain-Thunderstorm,177
2013-7-18,90,80,71,75,73,70,100,87,52,30.21,30.15,30.04,10,5,0,9,4,,0.01,2,Fog,183
2013-7-19,90,80,72,74,71,66,97,78,55,30.05,29.98,29.90,10,7,0,15,8,32,0.33,2,Rain-Thunderstorm,213
2013-7-20,80,74,69,71,68,66,94,84,69,29.95,29.91,29.87,10,8,1,15,8,25,0.11,4,Rain,226
2013-7-21,82,74,68,70,68,64,96,87,65,30.00,29.96,29.92,10,8,2,13,4,16,0.12,5,Rain-Thunderstorm,170
2013-7-22,80,71,64,72,68,64,100,94,76,29.98,29.88,29.80,10,4,0,12,2,21,0.87,4,Fog-Rain-Thunderstorm,149
2013-7-23,82,72,62,68,65,63,100,88,52,29.80,29.77,29.73,10,6,1,17,7,48,0.31,6,Rain,258
2013-7-24,72,66,60,64,57,51,100,77,53,30.01,29.88,29.77,10,10,6,10,5,18,0.00,5,,336
2013-7-25,75,64,54,52,51,49,90,63,41,30.10,30.06,30.01,10,10,10,8,4,,0.00,0,,11
2013-7-26,78,66,55,59,55,52,96,65,40,30.12,30.07,30.01,10,9,5,8,2,,0.00,0,,160
2013-7-27,72,66,62,67,63,57,100,90,75,30.01,29.94,29.88,10,6,0,10,5,,0.95,6,Fog-Rain-Thunderstorm,162
2013-7-28,75,68,62,65,60,52,100,82,50,30.05,29.94,29.87,10,8,2,12,7,22,0.15,5,Rain-Thunderstorm,211
2013-7-29,73,64,55,54,52,51,86,65,48,30.21,30.13,30.06,10,10,10,13,6,22,0.00,2,,236
2013-7-30,75,66,57,57,55,52,90,63,50,30.26,30.21,30.17,10,10,10,8,3,,0.00,2,,257
2013-7-31,78,68,60,65,62,57,96,81,56,30.17,30.09,29.98,10,8,2,9,2,,0.03,4,Rain,181
2013-8-1,80,72,64,66,63,58,100,81,52,29.97,29.92,29.88,10,9,2,10,6,,0.03,6,Rain,219
2013-8-2,77,68,62,61,57,51,86,65,43,30.01,29.96,29.92,10,10,10,14,7,21,0.00,1,,246
2013-8-3,75,70,64,66,62,53,96,82,61,30.01,29.98,29.95,10,9,4,13,8,20,0.21,6,Rain,241
2013-8-4,73,65,57,57,54,50,93,69,46,30.11,30.06,30.01,10,10,8,12,5,20,0.00,3,Rain,327
2013-8-5,73,63,55,55,52,48,96,66,44,30.15,30.10,30.04,10,10,9,7,2,,0.00,1,,323
2013-8-6,79,68,57,60,54,51,90,61,39,30.05,30.02,29.99,10,10,4,8,2,,0.00,1,,144
2013-8-7,82,73,64,69,65,61,100,85,62,30.01,29.99,29.94,10,9,2,13,6,25,0.04,4,Rain-Thunderstorm,162
2013-8-8,82,74,66,72,69,65,100,85,67,30.00,29.97,29.93,10,10,6,13,7,,0.00,4,,181
2013-8-9,77,72,69,72,70,62,100,91,76,30.03,29.94,29.90,10,7,0,10,6,22,0.63,7,Fog-Rain,245
2013-8-10,80,72,64,63,61,57,90,71,54,30.11,30.08,30.04,10,10,10,6,3,,0.00,2,Rain,316
2013-8-11,81,72,63,68,62,56,93,74,56,30.14,30.09,30.04,10,10,9,6,2,,0.01,5,,12
2013-8-12,82,72,64,67,64,61,100,82,52,30.09,30.03,29.90,10,6,0,9,2,,0.00,1,Fog,191
2013-8-13,78,68,57,67,62,49,97,78,54,29.99,29.86,29.81,10,8,4,16,7,22,0.00,5,,252
2013-8-14,68,59,52,55,50,48,86,71,54,30.17,30.09,29.99,10,10,9,10,6,18,0.00,4,Rain,313
2013-8-15,72,61,50,53,48,46,96,63,40,30.22,30.17,30.13,10,10,8,6,2,,0.00,0,,163
2013-8-16,78,64,54,54,52,48,93,62,37,30.19,30.16,30.13,10,10,9,7,2,,0.00,0,,69
2013-8-17,77,68,59,57,54,50,83,64,40,30.27,30.23,30.19,10,10,10,10,3,16,0.00,0,,109
2013-8-18,71,67,63,65,61,56,93,81,71,30.24,30.20,30.16,10,10,9,7,3,,0.02,6,Rain,108
2013-8-19,78,70,64,66,64,59,100,90,62,30.17,30.13,30.08,10,5,0,7,1,,0.28,7,Fog-Rain-Thunderstorm,295
2013-8-20,81,68,57,64,59,57,100,72,47,30.22,30.17,30.12,10,9,2,7,4,,0.00,1,,181
2013-8-21,82,72,62,67,62,59,100,76,44,30.22,30.16,30.08,10,7,2,10,3,,0.00,1,,185
2013-8-22,82,73,64,70,66,63,97,85,56,30.12,30.07,30.00,10,9,3,12,7,,0.28,4,Rain,215
2013-8-23,80,72,66,67,64,54,100,83,45,30.16,30.06,30.00,10,6,1,9,2,,0.02,6,Rain,65
2013-8-24,79,68,57,60,56,54,87,66,45,30.31,30.26,30.17,10,10,10,5,3,,0.00,1,,76
2013-8-25,82,70,59,60,58,55,93,68,41,30.38,30.32,30.26,10,9,5,9,5,,0.00,1,,188
2013-8-26,84,72,61,65,61,58,90,67,44,30.27,30.17,30.04,10,10,10,15,7,21,0.00,1,,211
2013-8-27,81,76,71,70,68,66,93,81,66,30.04,30.00,29.96,10,8,4,10,6,16,0.00,5,Rain,233
2013-8-28,79,74,69,73,70,69,100,96,82,29.95,29.90,29.85,10,4,0,12,5,20,0.97,7,Fog-Rain,163
2013-8-29,84,76,69,70,68,65,100,85,56,30.06,29.99,29.93,10,5,1,8,4,,0.00,5,,4
2013-8-30,86,74,64,69,67,64,100,84,55,30.03,29.98,29.86,10,5,0,12,4,17,0.00,1,Fog,181
2013-8-31,84,77,70,70,68,67,93,79,56,29.87,29.84,29.79,10,8,5,13,8,17,0.00,2,,201
2013-9-1,79,74,69,70,69,68,100,90,74,29.87,29.84,29.80,10,8,3,12,6,,0.00,5,Rain,182
2013-9-2,84,76,66,70,68,64,100,84,56,29.86,29.81,29.75,10,7,0,18,8,23,0.17,5,Fog-Rain,237
2013-9-3,72,64,60,63,58,53,100,84,57,30.06,29.94,29.84,10,8,0,12,6,17,0.00,5,Fog,308
2013-9-4,75,64,53,56,54,52,96,71,48,30.15,30.10,30.06,10,9,3,12,6,,0.00,0,,247
2013-9-5,73,65,57,59,54,46,88,69,46,30.23,30.14,30.08,10,10,10,9,7,17,0.00,3,,307
2013-9-6,73,60,48,47,43,36,90,56,27,30.29,30.23,30.15,10,10,10,7,4,,0.00,0,,51
2013-9-7,78,63,48,56,50,46,100,72,33,30.14,30.08,29.96,10,7,0,9,3,,0.00,1,Fog,193
2013-9-8,79,71,63,66,61,55,84,73,60,30.07,29.99,29.93,10,10,8,9,5,16,0.00,5,,78
2013-9-9,81,68,57,72,63,55,94,84,67,30.12,30.07,30.03,10,8,1,7,4,,0.07,4,Rain,130
2013-9-10,90,79,69,73,70,67,93,78,57,30.15,30.11,30.06,9,7,4,14,9,21,0.00,1,,194
2013-9-11,87,78,72,73,70,66,97,81,65,30.17,30.11,30.03,10,7,3,10,7,,0.01,2,Rain,186
2013-9-12,77,69,63,70,67,61,100,91,73,30.01,29.91,29.82,10,6,1,13,7,,0.05,5,Rain,229
2013-9-13,66,60,52,60,52,44,96,82,59,30.04,29.91,29.83,10,9,5,15,7,24,0.10,7,Rain,322
2013-9-14,64,57,50,47,44,40,87,69,44,30.19,30.12,30.03,10,10,10,8,4,,0.00,5,,331
2013-9-15,70,56,44,54,48,43,100,78,50,30.21,30.15,30.09,10,8,0,12,5,17,0.00,1,Fog,179
2013-9-16,69,61,52,56,54,49,100,85,55,30.33,30.18,30.09,10,6,2,12,4,20,0.25,6,Rain,325
2013-9-17,69,57,46,50,45,41,96,70,44,30.42,30.34,30.29,10,10,10,8,4,,0.00,0,,71
2013-9-18,73,60,48,53,47,40,81,64,44,30.27,30.21,30.14,10,10,10,8,5,,0.00,1,,147
2013-9-19,75,68,60,61,58,54,97,77,53,30.16,30.12,30.05,10,8,3,9,4,,0.00,5,,177
2013-9-20,79,68,59,67,61,57,100,88,64,30.06,30.00,29.85,10,5,0,9,6,,0.00,4,Fog,164
2013-9-21,70,63,57,66,60,56,100,93,81,29.83,29.75,29.70,10,5,1,17,8,29,1.19,6,Rain,235
2013-9-22,62,56,52,55,51,43,100,89,55,30.04,29.89,29.81,10,6,0,12,6,18,0.01,7,Fog,309
2013-9-23,59,52,48,48,43,39,89,71,57,30.17,30.12,30.04,10,10,10,7,3,,0.00,6,,356
2013-9-24,68,54,39,45,42,39,100,77,36,30.14,30.09,29.99,10,6,0,7,1,,0.00,0,Fog,45
2013-9-25,73,60,48,50,47,45,96,66,39,30.00,29.95,29.90,10,9,5,6,2,,0.00,0,,58
2013-9-26,73,62,51,51,49,44,96,64,34,30.09,30.03,29.95,10,10,8,6,2,,0.00,0,,9
2013-9-27,73,62,51,53,50,48,92,68,42,30.21,30.17,30.10,10,10,5,6,2,,0.00,0,,73
2013-9-28,73,62,51,53,51,48,96,72,46,30.28,30.22,30.17,10,10,6,9,5,,0.00,1,,112
2013-9-29,73,62,52,55,52,47,86,70,51,30.17,30.10,30.03,10,10,10,9,6,,0.00,2,,158
2013-9-30,70,62,55,60,56,52,94,82,64,30.07,30.04,30.01,10,10,9,8,5,,0.00,7,,180
2013-10-1,75,67,59,59,58,56,96,75,52,30.10,30.06,30.02,10,9,3,10,6,18,0.00,4,,226
2013-10-2,79,68,59,63,60,57,93,74,54,30.12,30.08,30.05,10,10,7,12,7,18,0.00,2,,233
2013-10-3,78,68,60,67,62,60,100,89,64,30.12,30.09,30.04,10,5,0,10,4,16,0.16,4,Fog-Rain,177
2013-10-4,81,72,63,67,65,62,100,85,56,30.13,30.08,30.05,10,8,2,16,6,25,0.23,4,Rain,201
2013-10-5,82,73,64,67,66,64,100,91,56,30.11,30.05,30.01,10,4,0,18,4,31,0.72,3,Fog-Rain,167
2013-10-6,84,74,66,66,63,57,100,74,44,29.99,29.90,29.77,10,8,2,13,7,18,0.00,2,,171
2013-10-7,71,60,48,58,49,41,97,76,57,30.15,29.88,29.71,10,8,2,17,11,24,0.44,5,Rain,245
2013-10-8,64,53,42,47,44,42,100,74,46,30.33,30.27,30.15,10,8,0,8,5,,0.00,1,Fog,58
2013-10-9,66,56,45,45,41,38,90,64,40,30.36,30.30,30.26,10,10,8,9,4,,0.00,0,,76
2013-10-10,70,58,46,47,42,38,80,59,37,30.24,30.18,30.11,10,10,10,7,3,,0.00,1,,63
2013-10-11,59,55,51,56,51,45,97,88,72,30.12,30.09,30.07,10,7,1,7,4,,0.14,7,Rain,32
2013-10-12,73,64,54,61,56,51,90,78,63,30.18,30.12,30.08,10,10,8,9,3,,0.00,6,Rain,87
2013-10-13,69,63,57,59,56,54,93,79,68,30.27,30.24,30.17,10,10,10,9,4,,0.01,7,Rain,100
2013-10-14,61,58,57,57,56,55,100,92,82,30.32,30.28,30.24,10,8,1,8,1,,0.04,8,Rain,352
2013-10-15,70,61,53,58,55,52,100,87,68,30.24,30.14,30.01,10,6,0,9,2,,0.00,2,Fog,134
2013-10-16,63,59,55,59,56,51,97,88,75,29.99,29.94,29.89,10,9,4,12,8,,0.30,6,Rain,189
2013-10-17,61,55,48,59,51,46,100,90,74,29.93,29.84,29.70,10,8,1,17,7,28,0.54,8,Rain,286
2013-10-18,61,52,44,47,42,38,93,71,46,30.05,29.98,29.90,10,10,10,16,11,22,0.00,3,,235
2013-10-19,53,46,39,46,41,37,100,86,69,29.98,29.88,29.77,10,9,0,15,8,25,0.07,4,Fog-Rain,201
2013-10-20,57,47,39,38,36,35,93,69,45,30.07,30.03,29.97,10,10,10,20,10,24,0.00,1,,218
2013-10-21,64,52,39,37,35,31,83,53,29,30.08,30.00,29.87,10,10,10,15,8,22,0.00,1,,189
2013-10-22,55,47,39,46,35,24,100,68,38,29.99,29.91,29.85,10,9,5,14,7,23,0.16,5,Rain,278
2013-10-23,43,40,36,39,35,30,93,86,60,29.96,29.82,29.75,10,8,4,17,3,28,0.15,7,Rain,303
2013-10-24,45,40,34,34,30,26,93,73,51,30.17,30.05,29.95,10,10,10,16,10,25,0.00,6,,254
2013-10-25,48,39,32,32,29,25,93,75,46,30.36,30.27,30.17,10,9,2,15,8,,0.00,6,Snow,247
2013-10-26,48,39,30,30,26,21,85,58,34,30.27,30.08,29.92,10,10,10,21,12,29,0.00,4,Rain,210
2013-10-27,52,44,36,33,30,27,86,61,41,30.13,30.07,30.00,10,10,10,10,7,17,0.00,1,,248
2013-10-28,57,46,34,36,32,29,89,61,34,30.31,30.24,30.12,10,9,4,6,4,,0.00,1,,189
2013-10-29,57,47,37,38,36,35,93,65,44,30.40,30.34,30.29,10,10,7,5,2,,0.00,1,,29
2013-10-30,63,54,45,53,44,36,90,70,53,30.25,30.19,30.13,10,10,9,7,2,,0.00,5,Rain,176
2013-10-31,66,62,57,57,55,53,97,84,63,30.11,29.89,29.49,10,9,5,17,9,32,0.18,7,Rain,176
2013-11-1,69,60,52,56,48,41,90,70,48,29.72,29.59,29.36,10,10,1,24,16,61,0.15,6,Rain,227
2013-11-2,53,48,42,43,40,38,93,77,64,29.97,29.81,29.68,10,10,6,15,8,26,0.01,8,Rain,275
2013-11-3,48,42,34,40,32,23,89,72,48,30.48,30.22,29.97,10,10,10,13,8,20,0.00,3,,341
2013-11-4,46,37,28,23,21,19,78,54,34,30.57,30.51,30.46,10,10,10,10,5,,0.00,0,,94
2013-11-5,59,49,39,31,28,24,62,48,35,30.52,30.45,30.36,10,10,10,9,5,,0.00,0,,131
2013-11-6,72,57,42,56,44,27,94,61,40,30.34,30.11,29.95,10,9,2,16,8,26,0.03,4,Rain,187
2013-11-7,57,48,39,56,41,23,94,79,49,30.15,30.00,29.87,10,8,2,17,10,28,0.72,8,Rain,283
2013-11-8,44,40,32,29,25,21,76,60,42,30.32,30.23,30.10,10,10,10,17,9,21,0.00,5,,276
2013-11-9,57,44,30,28,23,18,82,49,22,30.30,30.13,29.98,10,10,10,17,9,28,0.00,2,,191
2013-11-10,53,45,37,35,30,25,70,55,41,30.30,30.13,29.98,10,10,10,21,16,33,0.00,5,,260
2013-11-11,48,40,33,39,30,24,89,65,38,30.30,30.15,30.04,10,9,3,20,10,29,0.02,7,Rain-Snow,231
2013-11-12,33,30,28,32,25,18,93,80,54,30.50,30.31,30.08,10,6,0,17,12,28,0.17,6,Fog-Snow,324
2013-11-13,36,30,25,22,20,17,85,68,46,30.56,30.48,30.40,10,9,2,15,8,22,0.00,2,Snow,256
2013-11-14,48,37,26,21,18,16,75,50,27,30.39,30.30,30.20,10,10,10,15,10,20,0.00,0,,190
2013-11-15,54,46,37,34,22,17,50,38,23,30.24,30.20,30.15,10,10,10,14,9,21,0.00,2,,196
2013-11-16,61,52,43,47,42,35,86,67,55,30.25,30.16,30.05,10,10,9,13,7,21,0.00,2,,161
2013-11-17,62,57,52,57,52,45,90,81,64,30.03,29.82,29.56,10,9,2,21,10,39,0.67,8,Rain,180
2013-11-18,57,48,39,37,32,24,68,52,40,30.06,29.85,29.67,10,10,10,26,18,44,0.00,3,,264
2013-11-19,39,34,30,25,23,21,69,58,52,30.43,30.27,30.08,10,10,10,14,10,23,0.00,6,,332
2013-11-20,48,38,27,21,15,7,75,46,20,30.50,30.43,30.38,10,10,10,15,6,21,0.00,0,,104
2013-11-21,55,44,34,38,28,16,59,49,42,30.45,30.36,30.24,10,10,10,10,6,,0.00,4,,136
2013-11-22,54,46,37,52,45,30,94,85,59,30.26,30.16,30.06,10,7,2,22,9,30,0.29,8,Rain,259
2013-11-23,37,29,21,30,21,6,86,69,48,30.37,30.23,30.15,10,7,0,20,12,33,0.00,6,Snow,314
2013-11-24,24,20,17,10,8,4,73,61,42,30.57,30.48,30.36,10,10,5,16,12,29,0.00,3,Snow,283
2013-11-25,37,26,15,13,7,5,70,47,27,30.53,30.39,30.25,10,10,10,13,8,,0.00,3,,188
2013-11-26,34,33,32,34,31,27,100,92,75,30.24,30.01,29.71,10,1,0,13,6,21,1.08,8,Fog-Rain-Snow,144
2013-11-27,33,28,23,32,25,14,93,83,65,30.15,29.81,29.69,10,5,1,20,12,37,0.02,8,Rain-Snow,315
2013-11-28,28,23,18,20,15,10,75,65,56,30.45,30.36,30.17,10,10,10,14,10,22,0.00,6,,232
2013-11-29,35,31,27,20,19,16,75,63,48,30.68,30.60,30.45,10,10,10,8,5,,0.00,3,,328
2013-11-30,39,32,25,24,20,17,73,63,48,30.63,30.44,30.25,10,10,10,10,7,,0.00,0,,138
2013-12-1,44,39,34,29,27,24,67,58,49,30.23,30.09,29.99,10,10,10,10,8,,0.00,7,,199
2013-12-2,48,42,37,35,32,28,83,67,56,29.98,29.90,29.84,10,10,8,7,5,,0.00,7,Rain,248
2013-12-3,54,46,37,40,37,34,93,75,53,29.93,29.90,29.86,10,7,2,6,2,,0.01,4,Rain,83
2013-12-4,57,50,42,45,41,36,80,69,62,30.01,29.94,29.90,10,9,5,9,5,,0.00,3,,142
2013-12-5,63,51,39,58,50,37,94,84,65,30.05,29.92,29.87,10,5,2,20,10,29,1.00,7,Rain,210
2013-12-6,39,34,28,37,31,26,93,89,81,30.29,30.14,30.03,10,5,0,14,8,22,0.59,8,Fog-Rain-Snow,341
2013-12-7,30,26,19,27,20,12,93,75,58,30.61,30.44,30.24,10,10,2,10,7,20,0.00,6,Snow,331
2013-12-8,30,24,19,29,20,11,93,81,68,30.58,30.32,30.04,10,5,0,13,6,17,0.09,7,Fog-Rain-Snow,82
2013-12-9,37,34,30,37,32,22,100,87,69,30.16,30.02,29.94,10,4,0,17,9,24,0.04,8,Fog-Rain,200
2013-12-10,30,26,23,22,18,8,88,71,43,30.29,30.09,30.00,10,6,0,20,10,25,0.05,5,Fog-Snow,267
2013-12-11,30,24,19,21,14,10,80,64,51,30.38,30.32,30.24,10,9,3,16,10,24,0.00,4,Snow,255
2013-12-12,23,18,12,12,5,2,71,57,42,30.50,30.38,30.29,10,10,9,16,10,26,0.00,4,,260
2013-12-13,34,28,21,17,11,3,59,50,45,30.29,30.26,30.23,10,10,10,15,9,,0.00,2,,233
2013-12-14,39,34,30,37,30,17,93,85,54,30.25,29.90,29.64,10,4,0,14,6,21,0.55,8,Fog-Rain-Snow,127
2013-12-15,39,30,21,37,24,8,93,78,55,30.06,29.82,29.63,10,8,2,26,13,36,0.02,8,Rain-Snow,264
2013-12-16,26,22,19,21,15,10,86,73,62,30.20,30.10,30.00,10,7,2,8,5,17,0.00,8,Snow,297
2013-12-17,35,30,24,31,25,21,93,82,66,30.06,29.98,29.91,10,5,1,14,7,23,0.07,8,Snow,228
2013-12-18,28,26,24,25,20,16,93,76,63,30.22,30.12,30.00,10,9,2,16,11,22,0.00,6,Snow,249
2013-12-19,51,39,27,33,25,17,72,52,42,30.14,30.08,30.02,10,10,10,16,10,24,0.00,0,,202
2013-12-20,55,50,46,49,39,24,86,64,36,30.02,29.95,29.90,10,10,5,16,11,26,0.02,7,Rain,193
2013-12-21,61,58,55,59,54,48,94,86,74,29.90,29.84,29.66,10,8,2,20,10,28,0.81,7,Rain,183
2013-12-22,68,62,55,58,53,46,90,75,65,29.95,29.81,29.57,10,10,2,26,15,47,0.20,7,Rain,214
2013-12-23,55,42,30,46,33,17,93,78,57,30.31,30.14,29.96,10,8,4,16,8,26,0.07,8,Rain,291
2013-12-24,30,22,14,23,15,5,86,69,46,30.55,30.32,30.19,10,6,0,18,9,29,0.02,7,Fog-Snow,285
2013-12-25,27,20,12,23,14,6,88,71,55,30.54,30.37,30.19,10,8,2,7,4,,0.00,5,Snow,164
2013-12-26,36,31,26,27,23,13,93,74,48,30.37,30.21,30.11,10,6,1,20,9,28,0.06,6,Snow,220
2013-12-27,41,34,27,25,20,14,66,56,48,30.39,30.34,30.29,10,10,10,12,8,,0.00,4,,207
2013-12-28,52,43,34,27,24,19,56,47,38,30.27,30.20,30.08,10,10,10,16,10,20,0.00,0,,197
2013-12-29,44,42,39,40,37,23,100,87,45,30.03,29.77,29.65,10,5,0,15,8,21,0.66,8,Fog-Rain,301
2013-12-30,41,32,23,37,21,14,87,76,64,30.22,30.08,29.82,10,8,1,16,9,26,0.01,8,Rain-Snow,320
2013-12-31,26,24,23,21,17,12,85,73,60,30.34,30.17,30.04,10,6,0,22,9,33,0.00,7,Snow,235
